{
  "standard": [
    {
      "mode": "standard",
      "avg_reward": 9.1,
      "std_reward": 0.7681145747868608,
      "min_reward": 8.0,
      "max_reward": 10.0,
      "all_rewards": [
        10.0,
        10.0,
        9.0,
        9.0,
        8.0,
        10.0,
        9.0,
        9.0,
        9.0,
        9.0,
        8.0,
        8.0,
        10.0,
        8.0,
        8.0,
        9.0,
        10.0,
        10.0,
        9.0,
        10.0
      ],
      "adaptation_steps": 5,
      "learning_rate": 0.01
    },
    {
      "mode": "standard",
      "avg_reward": 8.85,
      "std_reward": 0.7921489758877431,
      "min_reward": 8.0,
      "max_reward": 10.0,
      "all_rewards": [
        9.0,
        10.0,
        8.0,
        10.0,
        8.0,
        10.0,
        9.0,
        8.0,
        9.0,
        8.0,
        10.0,
        8.0,
        9.0,
        9.0,
        8.0,
        10.0,
        8.0,
        9.0,
        9.0,
        8.0
      ],
      "adaptation_steps": 10,
      "learning_rate": 0.01
    },
    {
      "mode": "standard",
      "avg_reward": 13.5,
      "std_reward": 1.8027756377319946,
      "min_reward": 10.0,
      "max_reward": 17.0,
      "all_rewards": [
        11.0,
        13.0,
        11.0,
        13.0,
        14.0,
        16.0,
        14.0,
        11.0,
        14.0,
        17.0,
        16.0,
        14.0,
        14.0,
        13.0,
        14.0,
        15.0,
        12.0,
        13.0,
        10.0,
        15.0
      ],
      "adaptation_steps": 10,
      "learning_rate": 0.001
    }
  ],
  "hybrid": [
    {
      "mode": "hybrid",
      "avg_reward": 37.75,
      "std_reward": 17.0700761568307,
      "min_reward": 20.0,
      "max_reward": 83.0,
      "all_rewards": [
        30.0,
        25.0,
        23.0,
        38.0,
        83.0,
        20.0,
        24.0,
        29.0,
        38.0,
        60.0,
        24.0,
        43.0,
        65.0,
        28.0,
        40.0,
        25.0,
        25.0,
        29.0,
        66.0,
        40.0
      ],
      "adaptation_steps": 5,
      "learning_rate": 0.01
    },
    {
      "mode": "hybrid",
      "avg_reward": 9.55,
      "std_reward": 0.6689544080129826,
      "min_reward": 8.0,
      "max_reward": 11.0,
      "all_rewards": [
        11.0,
        9.0,
        9.0,
        9.0,
        9.0,
        10.0,
        10.0,
        9.0,
        10.0,
        9.0,
        9.0,
        10.0,
        10.0,
        10.0,
        9.0,
        10.0,
        10.0,
        10.0,
        8.0,
        10.0
      ],
      "adaptation_steps": 10,
      "learning_rate": 0.01
    },
    {
      "mode": "hybrid",
      "avg_reward": 10.7,
      "std_reward": 3.6207733980463344,
      "min_reward": 9.0,
      "max_reward": 24.0,
      "all_rewards": [
        10.0,
        9.0,
        24.0,
        11.0,
        9.0,
        9.0,
        9.0,
        18.0,
        10.0,
        10.0,
        9.0,
        10.0,
        9.0,
        9.0,
        9.0,
        10.0,
        9.0,
        9.0,
        10.0,
        11.0
      ],
      "adaptation_steps": 10,
      "learning_rate": 0.001
    }
  ],
  "metadata": {
    "timestamp": "2025-10-25T20:05:04.549168",
    "environment": "CartPole-v1",
    "model_path": "models/cartpole_hybrid_real_model.pth"
  }
}