{
  "standard": [
    {
      "mode": "trained",
      "avg_reward": -53.48998262428525,
      "std_reward": 138.32885034166404,
      "min_reward": -645.0180931845978,
      "max_reward": 11.166818004296827,
      "avg_length": 74.2,
      "all_rewards": [
        -19.403905782095386,
        -33.859052164571324,
        -80.4012574777654,
        -20.207995463201513,
        -2.866364563561353,
        -14.149372068899737,
        -14.498371230276142,
        -13.960966233955748,
        -7.000537130105687,
        -21.937607705367405,
        11.166818004296827,
        -111.80758130878289,
        -23.882752657540145,
        -8.386101951219892,
        -1.679958724662087,
        -645.0180931845978,
        -20.947528871241587,
        -18.921867814201107,
        -14.507733782385557,
        -7.529422375571201
      ],
      "all_lengths": [
        23,
        51,
        26,
        13,
        19,
        13,
        20,
        15,
        15,
        14,
        58,
        87,
        16,
        27,
        28,
        1000,
        14,
        14,
        19,
        12
      ]
    }
  ],
  "hybrid": [],
  "metadata": {
    "timestamp": "2025-10-26T02:42:17.089154",
    "environment": "Ant-v5",
    "obs_dim": 105,
    "action_dim": 8
  }
}