{
  "standard": [
    {
      "mode": "trained",
      "avg_reward": -394.06903606903586,
      "std_reward": 61.721379141018616,
      "min_reward": -502.33470468397144,
      "max_reward": -270.2561477053267,
      "avg_length": 1000.0,
      "all_rewards": [
        -464.8976855675631,
        -386.0923352372761,
        -388.8543373976843,
        -374.6612479819353,
        -363.72163552401616,
        -429.1295118570589,
        -494.06039658741076,
        -321.54437608555133,
        -437.0584646743565,
        -443.9897424953171,
        -326.48712368428176,
        -270.2561477053267,
        -445.1952903575353,
        -327.8432082797021,
        -300.0248940178718,
        -378.45250150970736,
        -423.8582389268298,
        -412.75012671193196,
        -502.33470468397144,
        -390.16875209538944
      ],
      "all_lengths": [
        1000,
        1000,
        1000,
        1000,
        1000,
        1000,
        1000,
        1000,
        1000,
        1000,
        1000,
        1000,
        1000,
        1000,
        1000,
        1000,
        1000,
        1000,
        1000,
        1000
      ]
    }
  ],
  "hybrid": [],
  "metadata": {
    "timestamp": "2025-10-26T02:37:45.776737",
    "environment": "HalfCheetah-v5",
    "obs_dim": 17,
    "action_dim": 6
  }
}